[{
        "id": 10102273,
        "number": "183257",
        "created_at": "2018-05-05T10:29:55.619+02:00",
        "updated_at": "2018-05-07T11:13:48.422+02:00",
        "date": "2018-05-05",
        "due_date": "2018-05-19",
        "subtotal": "154.0",
        "total": "186.34",
        "tax": "32.34",
        "verified_paid": false,
        "tech_marked_paid": true,
        "ticket_id": null,
        "pdf_url": null,
        "balance_due": 0,
        "note": null,
        "line_items": [{
                "id": 19830260,
                "created_at": "2018-05-05T10:32:25.040+02:00",
                "updated_at": "2018-05-05T10:32:51.409+02:00",
                "invoice_id": 10102273,
                "item": "Domeinnaam.BE - reiskraker.be",
                "name": "Periode:  19/05/2018 tot 19/05/2019",
                "cost": "14.0",
                "price": "41.14",
                "quantity": "1.0",
                "product_id": 6062296,
                "taxable": true,
                "discount_percent": null,
                "position": 1,
                "invoice_bundle_id": null,
                "product_category": "External Services;Domeinnaam",
                "tax_note": null,
                "user_id": 65423,
                "line_discount_percent": null,
                "discount_dollars": null
            },
            {
                "id": 19830261,
                "created_at": "2018-05-05T10:33:01.975+02:00",
                "updated_at": "2018-05-05T10:33:06.604+02:00",
                "invoice_id": 10102273,
                "item": "Webhosting Express - reiskraker.be",
                "name": "Periode:  19/05/2018 tot 19/05/2019",
                "cost": "60.0",
                "price": "145.2",
                "quantity": "1.0",
                "product_id": 6062310,
                "taxable": true,
                "discount_percent": null,
                "position": 2,
                "invoice_bundle_id": null,
                "product_category": "External Services;Hosting",
                "tax_note": null,
                "user_id": 65423,
                "line_discount_percent": null,
                "discount_dollars": null
            }
        ],
        "is_paid": true,
        "location_id": 1643,
        "contact_id": null,
        "po_number": null,
        "payments": [{
            "id": 9178053,
            "created_at": "2018-05-07T11:13:48.334+02:00",
            "updated_at": "2018-05-07T11:13:48.334+02:00",
            "success": true,
            "payment_amount": 186.34,
            "invoice_ids": [
                10102273
            ],
            "ref_num": "",
            "applied_at": "2018-05-07",
            "payment_method": "Overschrijving",
            "transaction_response": null
        }],
        "customer": {
            "id": 12731797,
            "firstname": "Klant",
            "lastname": "Business",
            "fullname": "Klant Business",
            "business_name": "OK Travel",
            "email": "info@oktravel.be",
            "phone": "050418224",
            "mobile": "050412351",
            "created_at": "2018-05-05T10:29:51.039+02:00",
            "updated_at": "2018-05-07T11:13:48.435+02:00",
            "pdf_url": null,
            "address": "Molenstraat 44",
            "address_2": "",
            "city": "Blankenberge",
            "state": "",
            "zip": "8370",
            "latitude": null,
            "longitude": null,
            "notes": null,
            "get_sms": true,
            "opt_out": false,
            "disabled": false,
            "no_email": false,
            "location_name": "Blankenberge",
            "location_id": 1643,
            "properties": {
                "BTW": "BE0419.369.107",
                "Klanttype": "",
                "Pop-up melding": ""
            },
            "online_profile_url": "https://questcomputers.repairshopr.com/my_profile/v2/index?portal_key=5zkncv22n40q5xvhjp2b",
            "tax_rate_id": 41375,
            "notification_email": "",
            "invoice_cc_emails": "",
            "invoice_term_id": 4425,
            "referred_by": "",
            "ref_customer_id": null,
            "business_and_full_name": "OK Travel - Klant Business",
            "business_then_name": "OK Travel",
            "contacts": []
        }
    },
    {
        "id": 10077977,
        "number": "183199",
        "created_at": "2018-05-03T16:59:12.171+02:00",
        "updated_at": "2018-05-03T17:01:06.425+02:00",
        "date": "2018-05-03",
        "due_date": "2018-05-17",
        "subtotal": "16.49",
        "total": "19.95",
        "tax": "3.46",
        "verified_paid": false,
        "tech_marked_paid": true,
        "ticket_id": null,
        "pdf_url": null,
        "balance_due": 0,
        "note": null,
        "line_items": [{
            "id": 19781165,
            "created_at": "2018-05-03T17:00:51.351+02:00",
            "updated_at": "2018-05-03T17:00:59.674+02:00",
            "invoice_id": 10077977,
            "item": "Hdmi-Hdmi Ethernet M/M 1M BLACK",
            "name": "-",
            "cost": "8.99",
            "price": "19.95",
            "quantity": "1.0",
            "product_id": 5423167,
            "taxable": true,
            "discount_percent": null,
            "position": 1,
            "invoice_bundle_id": null,
            "product_category": "Kabels, laders & accu's;Audio- en video kabels",
            "tax_note": null,
            "user_id": 45912,
            "line_discount_percent": null,
            "discount_dollars": null
        }, {
            "id": 19781162,
            "created_at": "2018-05-03T17:00:51.351+02:00",
            "updated_at": "2018-05-03T17:00:59.674+02:00",
            "invoice_id": 10077977,
            "item": "Hdmi-Hdmi Ethernet M/M 1M BLACK",
            "name": "-",
            "cost": "8.99",
            "price": "19.95",
            "quantity": "2.0",
            "product_id": 5423167,
            "taxable": true,
            "discount_percent": null,
            "position": 1,
            "invoice_bundle_id": null,
            "product_category": "More Kabels, laders & accu's;Audio- en video kabels",
            "tax_note": null,
            "user_id": 45912,
            "line_discount_percent": null,
            "discount_dollars": null
        }],
        "is_paid": true,
        "location_id": 1644,
        "contact_id": null,
        "po_number": null,
        "payments": [{
            "id": 9143593,
            "created_at": "2018-05-03T17:01:06.339+02:00",
            "updated_at": "2018-05-03T17:01:06.467+02:00",
            "success": true,
            "payment_amount": 19.95,
            "invoice_ids": [
                10077977
            ],
            "ref_num": null,
            "applied_at": "2018-05-03",
            "payment_method": "Cash",
            "transaction_response": null
        }],
        "customer": {
            "id": 11499608,
            "firstname": "WALKIN",
            "lastname": "Bredene",
            "fullname": "WALKIN Bredene",
            "business_name": "",
            "email": "accounting@questcomputers.be",
            "phone": "0498674125",
            "mobile": "0498674125",
            "created_at": "2018-01-09T09:43:34.446+01:00",
            "updated_at": "2018-05-16T14:10:05.201+02:00",
            "pdf_url": null,
            "address": "",
            "address_2": "",
            "city": "",
            "state": "",
            "zip": "",
            "latitude": null,
            "longitude": null,
            "notes": null,
            "get_sms": true,
            "opt_out": false,
            "disabled": false,
            "no_email": false,
            "location_name": "Bredene",
            "location_id": 1644,
            "properties": {
                "BTW": "",
                "Klanttype": "",
                "Pop-up melding": ""
            },
            "online_profile_url": "https://questcomputers.repairshopr.com/my_profile/v2/index?portal_key=jwqfnbj80k07nx0odkz0",
            "tax_rate_id": 41375,
            "notification_email": "",
            "invoice_cc_emails": "",
            "invoice_term_id": null,
            "referred_by": "",
            "ref_customer_id": null,
            "business_and_full_name": "WALKIN Bredene",
            "business_then_name": "WALKIN Bredene",
            "contacts": []
        }
    }
]